,County,Alaska Boroughs_x,Income,Uninsured %,White Poverty %,Black Poverty %,Asian Poverty %,Foreign Poverty %,Native Poverty %,Hispanic Poverty %,Non Hispanic Poverty %,Area,Age-Adjusted New Case Rate,Case Count,Population,Age-Adjusted Death Rate,Death Count,Vermont Counties FIPS,Wyoming Counties FIPS,Uninsured,FIPS,County FIPS,New Case Rate,Death Rate
0,Aleutians East,2013.0,72258,4.5,14.6,2.1,21.2,24.7,44.1,10.5,89.5,Alaska,138.9,23,16946,Data not presented,Data not presented,,,,,,,
1,Aleutians West,2016.0,90708,3.8,24.5,3.5,47.5,45.3,10.5,9.7,90.3,Alaska,286.2,51,28538,114.2,19,,,,,,,
2,Anchorage,2020.0,88871,5.4,60.3,5.4,12.6,11.0,7.2,9.5,90.5,Alaska,444,6278,1460452,146.1,1878,,,,,,,
3,Bethel,2050.0,57460,18.1,9.6,0.9,1.6,2.3,84.5,2.1,97.9,Alaska,367.5,242,91317,195,104,,,,,,,
4,Bristol Bay,2060.0,81563,2.4,44.8,0.6,5.7,7.9,33.2,12.8,87.2,Alaska,337.2,19,4284,Data not presented,Data not presented,,,,,,,
5,Denali,2068.0,78750,2.6,79.9,1.2,2.2,8.8,2.5,0.6,99.4,Alaska,385.6,42,10424,Data not presented,Data not presented,,,,,,,
6,Dillingham,2070.0,62115,12.6,16.2,1.3,0.3,2.5,73.4,3.3,96.7,Alaska,418,92,24670,201.4,41,,,,,,,
7,Fairbanks North Star,2090.0,78321,6.3,73.0,4.6,3.9,5.1,7.6,8.3,91.7,Alaska,402.7,1782,492276,127.3,505,,,,,,,
8,Haines,2100.0,63355,3.7,86.2,no data/suppressed,1.9,6.2,6.7,6.6,93.4,Alaska,273.7,54,12734,Data not presented,Data not presented,,,,,,,
9,Hoonah-Angoon,2105.0,55990,15.0,48.8,1.9,1.3,2.5,34.9,9.9,90.1,Alaska,422.8,78,10674,127.4,23,,,,,,,
10,Juneau,2110.0,90126,5.1,64.7,1,8.0,8.9,10.1,7.0,93.0,Alaska,399.1,717,160493,135.6,219,,,,,,,
11,Kenai Peninsula,2122.0,70609,8.2,80.7,0.7,2.2,3.2,7.5,4.4,95.6,Alaska,441.4,1696,294046,151.8,551,,,,,,,
12,Ketchikan Gateway,2130.0,77820,4.7,64.4,0.8,8.7,8.7,14.8,5.7,94.3,Alaska,446.2,376,69167,140.9,114,,,,,,,
13,Kodiak Island,2150.0,83765,5.8,52.4,1.1,22.2,18.9,11.0,8.9,91.1,Alaska,408.2,263,66917,125.6,72,,,,,,,
14,Kusilvak,2158.0,37975,24.7,3.3,no data/suppressed,0.2,0.3,93.2,1.0,99.0,Alaska,401.3,91,41488,Data not presented,Data not presented,,,,,,,
15,Lake and Peninsula,2164.0,49688,15.8,24.3,2.2,3.0,5.6,64.1,0.1,99.9,Alaska,515.4,37,7863,Data not presented,Data not presented,,,,,,,
16,Matanuska-Susitna,2170.0,79300,7.4,80.6,1.3,2.0,3.6,6.2,5.4,94.6,Alaska,420.4,2287,536800,159.1,761,,,,,,,
17,Nome,2180.0,63977,18.6,14.6,0.9,1.3,1.7,77.0,2.0,98.0,Alaska,506.4,172,50043,246.1,75,,,,,,,
18,North Slope,2185.0,83992,9.2,28.6,0.8,7.3,7.3,55.3,4.0,96.0,Alaska,366.8,118,46875,221.1,58,,,,,,,
19,Northwest Arctic,2188.0,68654,15.7,11.2,1.1,1.4,1.7,82.1,2.5,97.5,Alaska,414.2,115,38546,155.7,40,,,,,,,
20,Petersburg,2195.0,71696,4.7,64.6,1,16.8,16.4,6.6,5.7,94.3,Alaska,384,89,16392,146.4,33,,,,,,,
21,Prince of Wales-Hyder,2198.0,55857,9.6,46.2,0.3,1.5,2.5,40.0,3.7,96.3,Alaska,365.3,157,31692,180.1,67,,,,,,,
22,Sitka,2220.0,82083,5.4,63.5,0.6,7.3,9.8,10.3,7.1,92.9,Alaska,357.8,188,42845,114.5,60,,,,,,,
23,Skagway,2230.0,75000,12.9,76.5,2.9,2.6,8.7,4.4,3.8,96.2,Alaska,330.1,21,5849,Data not presented,Data not presented,,,,,,,
24,Southeast Fairbanks,2240.0,68634,10.3,74.7,1.1,3.2,7.4,13.8,7.1,92.9,Alaska,475.9,182,34553,154,55,,,,,,,
25,Valdez-Cordova,2261.0,83929,4.6,68.8,1.2,5.5,6.8,11.7,5.7,94.3,Alaska,373.9,197,46944,133.5,65,,,,,,,
26,Wrangell,2275.0,54891,5.7,59.0,0.1,4.0,4.7,22.9,5.0,95.0,Alaska,349.6,70,12553,155.6,29,,,,,,,
27,Yakutat,2282.0,72083,1.6,31.3,3.2,14.6,11.6,31.3,11.2,88.8,Alaska,Data not presented,Data not presented,Data not presented,Data not presented,Data not presented,,,,,,,
28,Yukon-Koyukuk,2290.0,43405,12.8,22.5,0.1,0.8,1.3,69.7,2.7,97.3,Alaska,569,172,26524,216.2,67,,,,,,,
0,Grand Isle ,,85154,4.1,92.8,1.1,0.5,3.4,1.4,2.0,98.0,Vermont,532.1,279,35374,174.5,88,50013.0,,,,,,
1,Chittenden ,,81957,3.8,88.8,2.6,4.0,8.2,0.1,2.5,97.5,Vermont,439.9,4165,817072,143.4,1380,50007.0,,,,,,
2,Addison ,,77978,4.1,92.7,1.2,2.1,4.9,0.3,2.5,97.5,Vermont,427.8,1114,184735,134.0,360,50001.0,,,,,,
3,Washington ,,70128,3.1,94.7,0.8,0.9,2.9,0.1,2.0,98.0,Vermont,445.4,1823,291679,152.2,630,50023.0,,,,,,
4,Franklin ,,68476,3.6,93.9,0.4,0.8,2.6,0.8,1.7,98.3,Vermont,460.5,1423,246373,173.3,528,50011.0,,,,,,
5,Orange ,,67906,3.1,95.4,0.3,0.4,1.8,0.4,1.4,98.6,Vermont,453.5,987,144359,147.7,327,50017.0,,,,,,
6,Lamoille ,,66016,3.9,94.5,1.2,0.2,3.0,0.5,2.0,98.0,Vermont,440.5,731,126878,163.0,269,50015.0,,,,,,
7,Windsor ,,63787,3.6,94.5,0.7,0.9,3.7,0.1,1.9,98.1,Vermont,470.0,2024,275957,151.7,702,50027.0,,,,,,
8,Bennington ,,63448,4.4,94.4,0.9,1.3,3.1,0.2,2.3,97.7,Vermont,461.0,1284,178245,170.1,504,50003.0,,,,,,
9,Rutland ,,59751,4.3,95.1,0.7,0.8,2.2,0.1,1.6,98.4,Vermont,482.2,2188,292636,176.4,835,50021.0,,,,,,
10,Windham ,,59195,4.7,93.6,1.2,1.2,3.0,0.2,2.5,97.5,Vermont,465.3,1510,213138,163.9,546,50025.0,,,,,,
11,Orleans ,,58037,5.9,95.3,0.6,0.1,3.7,0.3,1.6,98.4,Vermont,455.1,927,134227,161.0,342,50019.0,,,,,,
12,Caledonia ,,55159,3.6,94.6,0.9,0.5,2.4,0.1,1.9,98.1,Vermont,451.3,982,150134,154.5,338,50005.0,,,,,,
13,Essex ,,48194,5.5,95.4,0.1,0.7,2.3,0.1,1.5,98.5,Vermont,442.4,240,30886,181.4,107,50009.0,,,,,,
0,Teton ,,94498,,85.2,0.7,1.6,11.1,0.1,14.4,85.1,Wyoming,402.5,550,116781,93.3,115,,56039.0,2.4,,,,
1,Campbell ,,87547,,90.2,0.3,0.1,2.9,1.1,8.2,91.4,Wyoming,385.3,863,234790,159.7,299,,56005.0,3.3,,,,
2,Sublette ,,82342,,96.0,no data/suppressed,no data/suppressed,5.1,0.2,4.2,92.7,Wyoming,290.4,191,49325,81.8,56,,56035.0,5.2,,,,
3,Sweetwater ,,76668,,86.8,1.2,1.2,5.5,1.2,15.6,83.9,Wyoming,421.2,968,216760,161.3,337,,56037.0,6.7,,,,
4,Uinta ,,75106,,92.1,0.3,0.2,2.9,0.3,10.3,90.3,Wyoming,368.8,416,101870,127.5,144,,56041.0,3.5,,,,
5,Lincoln ,,74835,,95.0,0.1,0.4,2.7,0.3,5.3,95.1,Wyoming,380.3,468,98199,111.8,135,,56023.0,3.3,,,,
6,Converse ,,73698,,95.5,0.2,0.3,2.9,0.4,6.7,91.6,Wyoming,404.2,355,69211,143.2,129,,56009.0,4.9,,,,
7,Laramie ,,71550,,86.2,2.4,1.2,3.2,1.0,15.1,84.7,Wyoming,450.4,2679,496362,145.8,872,,56021.0,4.0,,,,
8,Crook ,,67835,,94.9,no data/suppressed,0.3,2.2,0.9,1.1,97.5,Wyoming,410.0,237,37508,159.5,90,,56011.0,0.3,,,,
9,Weston ,,65566,,89.3,0.4,1.8,1.6,1.3,0.7,98.1,Wyoming,439.0,226,34708,145.8,79,,56045.0,4.0,,,,
10,Natrona ,,64100,,92.2,0.8,0.5,2,1.0,8.4,91.1,Wyoming,414.8,1971,400336,138.6,661,,56025.0,4.0,,,,
11,Carbon ,,62654,,87.5,1.1,0.7,5.3,1.8,16.4,81.4,Wyoming,395.4,370,75364,127.5,120,,56007.0,3.9,,,,
12,Park ,,62586,,92.9,0.7,0.3,2.5,0.7,5.7,94.3,Wyoming,454.2,1002,146366,122.9,291,,56029.0,3.2,,,,
13,Sheridan ,,62531,,93.6,0.5,1,2.2,1.4,4.3,95.4,Wyoming,402.5,881,151986,142.3,326,,56033.0,2.5,,,,
14,Washakie ,,62271,,85.7,no data/suppressed,0.4,1,0.9,12.4,85.6,Wyoming,336.0,203,39663,140.4,92,,56043.0,2.5,,,,
15,Hot Springs ,,60805,,94.5,no data/suppressed,no data/suppressed,0.4,2.4,3.7,96.9,Wyoming,379.1,146,22751,175.1,78,,56017.0,2.0,,,,
16,Platte ,,59402,,90.5,0.5,1.3,2,0.1,5.6,91.5,Wyoming,392.6,286,42854,136.8,110,,56031.0,0.4,,,,
17,Goshen ,,58318,,90.2,0.7,1.1,2,1.3,10.3,89.0,Wyoming,329.6,328,66507,169.9,182,,56015.0,3.6,,,,
18,Johnson ,,58020,,92.6,0.7,0.6,1.5,2.9,1.1,96.9,Wyoming,378.0,255,42590,131.5,98,,56019.0,2.6,,,,
19,Fremont ,,57887,,71.5,0.5,0.5,1.6,20.2,7.3,92.4,Wyoming,377.1,969,198555,148.5,400,,56013.0,9.1,,,,
20,Big Horn ,,56059,,90.2,0.5,0.8,2.9,0.7,9.4,90.6,Wyoming,397.4,340,59045,152.4,134,,56003.0,7.8,,,,
21,Albany ,,50733,,87.4,0.9,3.9,6.8,0.7,10.3,90.1,Wyoming,399.8,692,193318,110.4,183,,56001.0,4.3,,,,
22,Niobrara ,,48688,,93.0,0.5,1.2,no data/suppressed,2.3,6.3,93.3,Wyoming,291.2,56,11886,99.4,21,,56027.0,4.9,,,,
0,St. Johns ,,88794.0,4.7,84.9,5.3,3.1,8.0,0.1,7.6,92.4,Florida,,8839.0,1277049.0,,2464.0,,,,12109.0,12109.0,488.8,132.8
1,Nassau ,,77504.0,4.8,88.5,5.5,1.0,4.0,0.3,4.8,95.2,Florida,,3624.0,428811.0,,1167.0,,,,12089.0,12089.0,555.9,176.4
2,Santa Rosa ,,77260.0,4.9,83.7,5.9,2.1,5.0,0.4,6.0,94.0,Florida,,5343.0,897936.0,,1675.0,,,,12113.0,12113.0,481.4,152.7
3,Collier ,,75543.0,4.2,79.6,6.6,1.5,25.6,0.2,28.5,71.5,Florida,,14261.0,1896727.0,,4288.0,,,,12021.0,12021.0,402.0,102.6
4,Clay ,,74059.0,4.8,75.2,11.0,2.9,6.4,0.1,10.5,89.5,Florida,,6446.0,1076468.0,,2088.0,,,,12019.0,12019.0,495.0,166.3
5,Monroe ,,73153.0,3.7,79.9,7.2,1.4,19.1,0.1,25.1,74.9,Florida,,2494.0,375683.0,,863.0,,,,12087.0,12087.0,417.4,140.0
6,Seminole ,,73002.0,4.5,69.4,11.9,4.8,14.7,0.2,22.5,77.5,Florida,,12787.0,2333475.0,,4088.0,,,,12117.0,12117.0,456.9,145.0
7,Wakulla ,,72941.0,3.3,80.2,13.5,0.6,2.6,0.3,4.0,96.0,Florida,,962.0,164273.0,,317.0,,,,12129.0,12129.0,476.5,169.1
8,Martin ,,69769.0,4.6,85.0,5.6,1.6,10.2,0.4,14.1,85.9,Florida,,6605.0,802102.0,,2308.0,,,,12085.0,12085.0,432.4,127.9
9,Sarasota ,,69490.0,3.6,87.9,4.3,1.8,11.8,0.2,9.7,90.3,Florida,,21501.0,2138829.0,,6967.0,,,,12115.0,12115.0,475.5,132.8
10,Palm Beach ,,68874.0,6.1,65.4,18.6,2.8,26.3,0.2,23.1,76.9,Florida,,48797.0,7410285.0,,16309.0,,,,12099.0,12099.0,419.6,122.6
11,Walton ,,68111.0,4.6,85.8,4.2,0.9,6.8,0.4,6.5,93.5,Florida,,1940.0,355247.0,,806.0,,,,12131.0,12131.0,377.4,158.8
12,Okaloosa ,,67390.0,3.9,75.7,9.6,3.7,7.8,0.2,9.8,90.2,Florida,,5413.0,1037149.0,,1999.0,,,,12091.0,12091.0,432.6,158.0
13,Orange ,,65784.0,5.7,55.5,20.7,5.3,22.3,0.2,32.6,67.4,Florida,,29120.0,6868919.0,,9465.0,,,,12095.0,12095.0,420.6,143.2
14,Manatee ,,64964.0,5.5,80.8,8.3,2.2,13.2,0.2,16.7,83.3,Florida,,14734.0,1969235.0,,4602.0,,,,12081.0,12081.0,434.8,122.8
15,Broward ,,64522.0,6.0,52.5,28.5,3.7,34.8,0.2,30.9,69.1,Florida,,50592.0,9711363.0,,17195.0,,,,12011.0,12011.0,412.0,135.2
16,Hillsborough ,,64164.0,5.0,63.4,16.5,4.3,18.3,0.3,29.6,70.4,Florida,,38955.0,7256792.0,,11806.0,,,,12057.0,12057.0,478.1,146.7
17,Baker ,,63860.0,5.1,79.1,12.6,0.4,1.5,0.3,2.9,97.1,Florida,,710.0,143393.0,,281.0,,,,12003.0,12003.0,438.1,175.3
18,Brevard ,,63632.0,4.8,78.8,9.7,2.5,8.8,0.3,11.0,89.0,Florida,,23723.0,2970006.0,,8103.0,,,,12009.0,12009.0,497.8,156.0
19,Sumter ,,63323.0,5.5,88.0,7.3,1.0,6.1,0.2,6.0,94.0,Florida,,8196.0,649688.0,,2563.0,,,,12119.0,12119.0,444.8,129.9
20,Lee ,,63235.0,4.6,78.0,8.1,1.7,17.1,0.1,22.6,77.4,Florida,,27692.0,3782849.0,,8898.0,,,,12071.0,12071.0,423.9,122.8
21,Flagler ,,62305.0,3.7,79.1,9.8,2.5,12.0,0.2,10.9,89.1,Florida,,5237.0,564271.0,,1683.0,,,,12035.0,12035.0,496.0,148.5
22,Indian River ,,61594.0,6.0,81.8,8.2,1.5,10.0,0.2,12.9,87.1,Florida,,7792.0,784821.0,,2670.0,,,,12061.0,12061.0,503.5,152.0
23,Bay ,,60473.0,4.6,79.1,10.4,2.3,7.3,0.5,6.9,93.1,Florida,,5713.0,900378.0,,1872.0,,,,12005.0,12005.0,483.9,154.7
24,Pinellas ,,60451.0,5.0,78.5,10.3,3.6,12.2,0.2,10.2,89.8,Florida,,38118.0,4854925.0,,12593.0,,,,12103.0,12103.0,476.9,143.4
25,Lake ,,60013.0,6.1,77.2,10.5,2.2,10.3,0.3,16.8,83.2,Florida,,15298.0,1780576.0,,4992.0,,,,12069.0,12069.0,508.0,152.4
26,St. Lucie ,,59807.0,5.7,66.5,20.4,2.1,16.7,0.3,20.0,80.0,Florida,,11005.0,1604571.0,,4001.0,,,,12111.0,12111.0,434.4,146.7
27,Duval ,,59541.0,5.1,56.1,29.4,4.8,11.7,0.2,10.6,89.4,Florida,,27090.0,4743255.0,,8868.0,,,,12031.0,12031.0,508.1,169.1
28,Osceola ,,58513.0,6.0,57.7,10.9,2.8,22.8,0.3,55.5,44.5,Florida,,8655.0,1818332.0,,2809.0,,,,12097.0,12097.0,450.2,151.6
29,Pasco ,,58084.0,5.4,81.3,5.9,2.8,10.7,0.3,16.7,83.3,Florida,,20178.0,2699425.0,,7003.0,,,,12101.0,12101.0,499.9,161.6
30,Charlotte ,,57887.0,5.4,87.0,5.4,1.4,9.9,0.2,7.8,92.2,Florida,,9379.0,929628.0,,3209.0,,,,12015.0,12015.0,450.8,135.3
31,Miami-Dade ,,57815.0,5.1,56.5,16.3,1.6,54.0,0.2,68.5,31.5,Florida,,69510.0,13527642.0,,21926.0,,,,12086.0,12086.0,415.1,126.3
32,Leon ,,57359.0,6.2,59.1,31.0,3.6,6.8,0.2,6.7,93.3,Florida,,6400.0,1459316.0,,2080.0,,,,12073.0,12073.0,430.7,142.0
33,Volusia ,,56786.0,4.2,76.8,10.9,1.8,8.0,0.2,15.1,84.9,Florida,,22079.0,2730534.0,,7814.0,,,,12127.0,12127.0,499.4,163.2
34,Escambia ,,56605.0,6.3,66.1,21.8,3.3,5.4,0.3,6.0,94.0,Florida,,9820.0,1583457.0,,3608.0,,,,12033.0,12033.0,499.3,179.3
35,Lafayette ,,56458.0,5.9,77.2,16.6,1.0,8.9,0.3,14.5,85.5,Florida,,232.0,42878.0,,100.0,,,,12067.0,12067.0,452.0,193.8
36,Union ,,55463.0,3.4,71.9,18.3,0.2,2.1,0.7,5.9,94.1,Florida,,1186.0,76408.0,,383.0,,,,12125.0,12125.0,1237.4,414.5
37,Polk ,,55099.0,4.9,68.5,15.0,1.8,10.4,0.3,24.9,75.1,Florida,,22953.0,3528675.0,,7425.0,,,,12105.0,12105.0,473.1,146.0
38,Gulf ,,53812.0,4.1,80.4,14.7,0.5,3.9,0.4,3.8,96.2,Florida,,527.0,75366.0,,199.0,,,,12045.0,12045.0,439.9,162.0
39,Alachua ,,53314.0,4.8,65.7,19.9,6.0,10.7,0.3,10.5,89.5,Florida,,6415.0,1340525.0,,2260.0,,,,12001.0,12001.0,455.2,158.1
40,Hernando ,,53301.0,6.3,83.4,5.2,1.3,7.2,0.3,14.9,85.1,Florida,,8831.0,953500.0,,3055.0,,,,12053.0,12053.0,539.6,168.4
41,Jefferson ,,53080.0,6.2,63.0,33.0,0.4,3.0,0.2,4.4,95.6,Florida,,452.0,71392.0,,189.0,,,,12065.0,12065.0,393.6,161.4
42,Franklin ,,52679.0,9.5,79.3,12.8,0.3,3.8,0.1,5.9,94.1,Florida,,409.0,59572.0,,170.0,,,,12037.0,12037.0,430.6,172.6
43,Gilchrist ,,50983.0,3.9,89.1,4.9,0.3,4.9,0.2,6.3,93.7,Florida,,593.0,91226.0,,236.0,,,,12041.0,12041.0,475.6,173.0
44,Marion ,,50808.0,6.9,77.6,12.6,1.6,7.8,0.3,14.3,85.7,Florida,,16364.0,1801051.0,,5593.0,,,,12083.0,12083.0,520.8,163.6
45,Bradford ,,48803.0,5.0,75.7,19.3,0.8,2.6,0.3,4.6,95.4,Florida,,849.0,138614.0,,336.0,,,,12007.0,12007.0,467.7,177.3
46,Citrus ,,48664.0,7.7,90.9,2.5,1.7,5.8,0.2,6.2,93.8,Florida,,8059.0,739690.0,,2908.0,,,,12017.0,12017.0,524.9,172.2
47,Columbia ,,47750.0,8.2,73.7,17.7,1.0,3.9,0.1,6.6,93.4,Florida,,2349.0,354490.0,,963.0,,,,12023.0,12023.0,490.1,194.9
48,Suwannee ,,47218.0,5.3,79.2,11.7,0.4,4.9,no data/suppressed,10.0,90.0,Florida,,1515.0,221451.0,,645.0,,,,12121.0,12121.0,460.1,186.7
49,Okeechobee ,,47020.0,5.0,79.0,8.6,1.0,12.4,0.4,26.4,73.6,Florida,,1290.0,208054.0,,552.0,,,,12093.0,12093.0,445.2,183.3
50,Highlands ,,46895.0,7.4,77.8,9.0,1.6,11.2,0.5,21.1,78.9,Florida,,4843.0,522868.0,,1690.0,,,,12055.0,12055.0,471.9,143.7
51,Dixie ,,44287.0,4.9,85.6,7.6,0.3,2.1,0.1,4.3,95.7,Florida,,647.0,83700.0,,259.0,,,,12029.0,12029.0,483.0,184.9
52,Taylor ,,43563.0,6.2,72.9,22.5,0.5,4.3,0.1,4.3,95.7,Florida,,679.0,108544.0,,278.0,,,,12123.0,12123.0,450.5,174.9
53,Jackson ,,43416.0,5.1,67.4,26.9,0.4,2.4,0.4,5.1,94.9,Florida,,1075.0,237044.0,,667.0,,,,12063.0,12063.0,327.2,191.2
54,Levy ,,43029.0,5.2,85.1,8.4,0.9,4.4,0.2,8.9,91.1,Florida,,1657.0,204897.0,,675.0,,,,12075.0,12075.0,501.1,196.1
55,Gadsden ,,42661.0,4.0,37.2,55.3,0.3,5.1,1.0,10.7,89.3,Florida,,1401.0,228933.0,,495.0,,,,12039.0,12039.0,454.7,158.3
56,Liberty ,,42438.0,7.7,78.1,14.9,0.1,2.8,1.7,6.7,93.3,Florida,,222.0,41667.0,,86.0,,,,12077.0,12077.0,451.6,179.7
57,Holmes ,,41809.0,4.8,87.4,7.1,1.0,2.1,1.0,3.1,96.9,Florida,,365.0,97651.0,,254.0,,,,12059.0,12059.0,267.2,175.9
58,Washington ,,41806.0,5.6,78.8,14.9,0.8,3.9,1.2,3.9,96.1,Florida,,623.0,125470.0,,339.0,,,,12133.0,12133.0,373.2,200.9
59,Hardee ,,41395.0,6.6,73.6,5.8,1.2,10.6,0.2,44.3,55.7,Florida,,716.0,135134.0,,227.0,,,,12049.0,12049.0,453.0,138.9
60,Putnam ,,39975.0,9.0,76.4,16.0,0.6,4.4,0.4,10.3,89.7,Florida,,2793.0,368920.0,,1159.0,,,,12107.0,12107.0,487.2,192.4
61,DeSoto ,,39945.0,9.4,78.5,12.5,0.1,13.3,0.2,31.9,68.1,Florida,,1120.0,186856.0,,454.0,,,,12027.0,12027.0,414.4,155.7
62,Madison ,,39503.0,3.9,56.7,36.8,0.7,4.6,0.1,6.2,93.8,Florida,,489.0,92783.0,,237.0,,,,12079.0,12079.0,361.1,169.3
63,Hamilton ,,39346.0,11.3,59.7,34.3,0.6,4.3,0.8,10.2,89.8,Florida,,382.0,71986.0,,191.0,,,,12047.0,12047.0,405.9,202.9
64,Hendry ,,38843.0,6.1,67.7,10.8,1.0,26.4,1.9,55.1,44.9,Florida,,860.0,207359.0,,305.0,,,,12051.0,12051.0,385.9,137.7
65,Calhoun ,,38098.0,3.4,77.7,12.1,0.5,3.4,1.2,6.0,94.0,Florida,,429.0,71620.0,,190.0,,,,12013.0,12013.0,434.4,185.0
66,Glades ,,38088.0,9.1,74.4,14.0,0.6,9.9,4.0,21.7,78.3,Florida,,426.0,68886.0,,159.0,,,,12043.0,12043.0,355.8,124.3
67,undefined,,,,,,,,,,,,,,,,,,,,,,,
0,Santa Clara ,,140258.0,4.5,39.0,2.5,38.5,39.9,0.6,25.1,74.9,California,,39840.0,9621896.0,,11942.0,,,,6085.0,6085.0,378.6,113.5
1,San Mateo ,,136837.0,4.6,45.9,2.4,31.1,35.1,0.7,24.1,75.9,California,,18703.0,3828114.0,,5548.0,,,,6081.0,6081.0,397.6,114.0
2,Marin ,,131008.0,5.2,75.3,2.3,6.2,18.5,0.4,16.4,83.6,California,,8768.0,1297205.0,,2400.0,,,,6041.0,6041.0,442.0,111.7
3,San Francisco ,,126187.0,5.3,43.4,5.2,34.7,34.1,0.5,15.4,84.6,California,,19842.0,4373922.0,,6639.0,,,,6075.0,6075.0,380.0,121.6
4,Alameda ,,112017.0,5.0,35.9,10.2,32.4,32.9,0.7,22.4,77.6,California,,34446.0,8307920.0,,11391.0,,,,6001.0,6001.0,371.5,125.0
5,Contra Costa ,,110455.0,5.8,50.0,8.6,18.3,25.0,0.7,26.2,73.8,California,,28222.0,5738938.0,,9158.0,,,,6013.0,6013.0,405.9,130.5
6,Orange ,,100485.0,5.4,53.6,1.7,21.6,29.4,0.6,34.0,66.0,California,,74259.0,15851723.0,,23536.0,,,,6059.0,6059.0,404.2,127.1
7,Placer ,,99734.0,4.3,77.8,1.6,8.7,11.7,0.5,14.6,85.4,California,,11853.0,1958997.0,,3723.0,,,,6061.0,6061.0,439.2,130.2
8,Napa ,,97498.0,4.9,67.0,2.1,8.0,21.5,0.8,34.7,65.3,California,,3880.0,692859.0,,1412.0,,,,6055.0,6055.0,410.4,141.4
9,Santa Cruz ,,96093.0,6.4,68.5,1.1,5.1,17.8,0.7,34.0,66.0,California,,7402.0,1365849.0,,2051.0,,,,6087.0,6087.0,444.7,124.8
10,Alpine ,,96000.0,9.2,59.2,0.6,1.3,4.8,28.8,14.7,85.3,California,,22.0,5482.0,,19.0,,,,6003.0,6003.0,271.7,235.3
11,San Benito ,,95606.0,7.1,62.7,1.0,3.3,20.0,1.3,60.9,39.1,California,,1221.0,307733.0,,378.0,,,,6069.0,6069.0,378.0,120.3
12,Ventura ,,94150.0,5.6,70.1,1.8,7.5,21.1,1.1,43.3,56.7,California,,21354.0,4227997.0,,6687.0,,,,6111.0,6111.0,422.0,130.7
13,Sonoma ,,91607.0,5.1,70.4,1.6,4.7,16.3,1.1,27.6,72.5,California,,14646.0,2484006.0,,4888.0,,,,6097.0,6097.0,424.2,137.5
14,Solano ,,89648.0,6.0,48.5,13.4,16.6,19.7,0.7,27.5,72.5,California,,11138.0,2222688.0,,4204.0,,,,6095.0,6095.0,415.6,158.1
15,El Dorado ,,88770.0,4.7,84.7,0.9,5.1,9.3,0.6,13.3,86.7,California,,5934.0,951727.0,,1857.0,,,,6017.0,6017.0,416.4,127.5
16,San Diego ,,88240.0,6.6,62.0,4.9,12.4,22.7,0.8,34.3,65.7,California,,76705.0,16619850.0,,25202.0,,,,6073.0,6073.0,418.5,137.2
17,Santa Barbara ,,84356.0,6.1,65.9,1.9,5.6,22.4,1.2,46.4,53.6,California,,10931.0,2224477.0,,3434.0,,,,6083.0,6083.0,436.3,130.0
18,San Luis Obispo ,,82514.0,5.1,79.9,1.5,3.7,9.7,0.8,23.2,76.8,California,,8734.0,1412584.0,,2741.0,,,,6079.0,6079.0,445.2,134.1
19,Monterey ,,82013.0,5.5,43.3,2.5,6.3,29.0,0.7,59.7,40.3,California,,8652.0,2164884.0,,2793.0,,,,6053.0,6053.0,379.2,121.6
20,Yolo ,,78386.0,5.6,63.3,2.6,15.0,22.3,0.7,32.1,67.9,California,,4232.0,1093868.0,,1445.0,,,,6113.0,6113.0,397.9,137.3
21,Sacramento ,,76422.0,6.6,52.1,9.7,18.0,21.0,0.7,23.8,76.2,California,,35109.0,7689741.0,,12763.0,,,,6067.0,6067.0,412.2,150.7
22,Los Angeles ,,76367.0,7.0,43.7,7.9,15.0,33.5,1.0,48.7,51.3,California,,202284.0,50203411.0,,73078.0,,,,6037.0,6037.0,367.6,133.3
23,Riverside ,,76066.0,7.2,51.2,6.5,7.1,21.5,0.8,50.3,49.7,California,,52737.0,12189318.0,,18833.0,,,,6065.0,6065.0,389.5,138.2
24,San Joaquin ,,74962.0,7.3,46.5,7.0,17.1,23.3,0.8,42.3,57.7,California,,15660.0,3758076.0,,5706.0,,,,6077.0,6077.0,405.5,150.8
25,Nevada ,,74617.0,4.2,90.5,0.4,1.3,6.1,0.5,9.8,90.2,California,,3470.0,497086.0,,1237.0,,,,6057.0,6057.0,402.2,135.4
26,Mono ,,71138.0,2.4,80.3,0.1,4.6,16.8,1.7,27.3,72.7,California,,235.0,71973.0,,55.0,,,,6051.0,6051.0,250.9,57.1
27,San Bernardino ,,70287.0,7.5,50.7,8.0,7.8,20.7,1.1,54.6,45.4,California,,41625.0,10812662.0,,15150.0,,,,6071.0,6071.0,393.9,150.7
28,Calaveras ,,70119.0,6.8,84.6,1.0,2.3,4.8,1.2,13.1,86.9,California,,1636.0,229139.0,,617.0,,,,6009.0,6009.0,398.7,141.9
29,Amador ,,69955.0,6.8,81.8,2.5,1.2,6.3,0.9,14.9,85.1,California,,1516.0,195117.0,,533.0,,,,6005.0,6005.0,434.9,143.5
30,Stanislaus ,,68368.0,8.4,64.8,3.0,6.4,20.1,1.1,47.9,52.1,California,,11950.0,2731177.0,,4441.0,,,,6099.0,6099.0,422.2,158.8
31,Sutter ,,67003.0,7.6,58.5,1.9,17.0,21.8,1.4,31.9,68.1,California,,2337.0,481573.0,,881.0,,,,6101.0,6101.0,416.8,152.5
32,Tuolumne ,,66846.0,8.1,85.4,1.7,1.7,5.3,1.4,12.9,87.1,California,,1918.0,270737.0,,740.0,,,,6109.0,6109.0,412.0,150.4
33,Madera ,,66709.0,10.5,55.0,3.0,2.4,19.9,1.4,59.1,40.9,California,,3225.0,779624.0,,1188.0,,,,6039.0,6039.0,387.2,145.2
34,Kings ,,63267.0,9.1,56.9,6.6,4.1,19.1,1.5,55.5,44.5,California,,2438.0,755451.0,,921.0,,,,6031.0,6031.0,364.4,144.4
35,Yuba ,,62666.0,6.5,69.2,3.6,7.6,12.7,1.5,29.5,70.5,California,,1801.0,387622.0,,704.0,,,,6115.0,6115.0,461.1,184.9
36,Shasta ,,61937.0,6.5,83.3,1.1,3.4,5.6,2.3,10.7,89.3,California,,6087.0,896333.0,,2225.0,,,,6089.0,6089.0,475.0,166.0
37,Colusa ,,61861.0,5.5,68.8,1.7,1.0,26.7,1.3,60.5,39.5,California,,469.0,107455.0,,159.0,,,,6011.0,6011.0,394.8,132.5
38,Fresno ,,61276.0,8.8,54.3,4.5,10.8,19.9,1.2,54.0,46.0,California,,18774.0,4951020.0,,6682.0,,,,6019.0,6019.0,389.1,139.5
39,Inyo ,,60925.0,4.3,74.0,0.5,1.7,7.0,11.2,23.7,76.3,California,,546.0,89649.0,,217.0,,,,6027.0,6027.0,388.3,146.2
40,Butte ,,59863.0,7.2,77.8,1.8,5.3,7.6,1.1,17.4,82.6,California,,6733.0,1116722.0,,2467.0,,,,6007.0,6007.0,474.9,166.7
41,Lassen ,,59292.0,6.9,75.7,8.6,2.3,5.4,2.6,19.7,80.3,California,,608.0,153002.0,,246.0,,,,6035.0,6035.0,346.6,145.1
42,Merced ,,58861.0,11.1,46.2,2.9,7.8,26.0,1.2,61.2,38.8,California,,4801.0,1368306.0,,1883.0,,,,6047.0,6047.0,379.8,154.3
43,Kern ,,58824.0,8.9,62.3,5.4,5.0,19.7,1.0,54.7,45.3,California,,16609.0,4462288.0,,5852.0,,,,6029.0,6029.0,405.0,148.8
44,Plumas ,,57885.0,8.2,88.6,1.7,0.8,3.6,1.9,9.6,90.4,California,,639.0,94220.0,,266.0,,,,6063.0,6063.0,372.2,149.1
45,Tulare ,,57394.0,10.2,59.3,1.7,3.8,21.7,1.2,65.8,34.2,California,,7831.0,2319773.0,,2991.0,,,,6107.0,6107.0,365.0,142.8
46,Mendocino ,,56378.0,8.5,77.3,0.7,2.3,12.3,4.0,26.3,73.7,California,,2749.0,435551.0,,982.0,,,,6045.0,6045.0,431.6,147.4
47,Glenn ,,56332.0,7.1,75.0,0.6,3.6,16.0,2.4,42.9,57.1,California,,851.0,140299.0,,266.0,,,,6021.0,6021.0,509.8,155.3
48,Sierra ,,56152.0,9.0,90.2,0.1,no data/suppressed,3.3,1.9,11.2,88.8,California,,88.0,14804.0,,31.0,,,,6091.0,6091.0,307.7,98.1
49,Lake ,,53399.0,10.1,73.0,2.4,1.7,8.9,3.4,22.2,77.8,California,,2199.0,321380.0,,926.0,,,,6033.0,6033.0,445.9,179.9
50,Humboldt ,,53350.0,9.4,76.3,1.3,3.5,6.1,4.3,12.3,87.7,California,,3775.0,680505.0,,1487.0,,,,6023.0,6023.0,435.7,168.3
51,Mariposa ,,53304.0,9.7,85.8,0.9,1.4,5.6,2.7,12.4,87.6,California,,612.0,86597.0,,230.0,,,,6043.0,6043.0,385.1,145.2
52,Del Norte ,,53280.0,7.5,69.4,3.0,3.1,8.2,6.8,20.5,79.5,California,,635.0,138462.0,,320.0,,,,6015.0,6015.0,340.6,170.7
53,Tehama ,,52901.0,8.1,80.6,0.9,1.9,8.5,1.3,26.3,73.7,California,,2065.0,320879.0,,753.0,,,,6103.0,6103.0,465.3,162.5
54,Modoc ,,51090.0,9.9,85.0,2.0,0.8,7.2,3.5,15.2,84.8,California,,220.0,44266.0,,99.0,,,,6049.0,6049.0,310.5,121.6
55,Siskiyou ,,49857.0,7.9,81.8,1.7,1.9,5.8,3.4,13.3,86.7,California,,1277.0,217581.0,,643.0,,,,6093.0,6093.0,352.3,170.5
56,Imperial ,,49078.0,13.9,48.0,2.7,1.5,29.9,1.4,85.1,14.9,California,,3338.0,902899.0,,1117.0,,,,6025.0,6025.0,367.6,122.4
57,Trinity ,,42206.0,5.8,82.4,0.6,2.3,7.8,3.2,7.5,92.5,California,,426.0,62705.0,,142.0,,,,6105.0,6105.0,378.7,116.3
58,undefined,,,,,,,,,,,,,,,,,,,,,,,
0,Rockwall ,,111595,3.6,77.4,7.2,3.1,8.9,0.9,18.8,81.2,Texas,,2166,505877,,688,,,,48397.0,48397.0,411.6,140.2
1,Collin ,,104327,4.3,62.9,10.1,16.4,21.8,0.4,15.6,84.4,Texas,,19367,5030190,,5223,,,,48085.0,48085.0,399,118.8
2,Fort Bend ,,102590,5.5,44.8,20.2,21.0,29.3,0.3,24.9,75.1,Texas,,14541,3954459,,4032,,,,48157.0,48157.0,377.1,116.3
3,Kendall ,,100706,4.2,82.9,0.3,1.4,6.9,0.5,24.8,75.2,Texas,,1183,227456,,377,,,,48259.0,48259.0,380.5,118.9
4,Denton ,,96265,4.1,68.2,10.3,9.6,15.9,0.5,19.6,80.4,Texas,,16504,4308452,,4424,,,,48121.0,48121.0,412.6,123.5
5,Williamson ,,94705,4.5,71.9,6.5,7.6,13.6,0.4,25.0,75.0,Texas,,12524,2852187,,3426,,,,48491.0,48491.0,439.4,128.9
6,Chambers ,,93707,8.4,79.2,7.6,0.7,8.2,0.1,24.2,75.8,Texas,,1034,212853,,327,,,,48071.0,48071.0,493.2,167
7,Somervell ,,89253,5.4,82.4,2.1,1.1,5.3,0.3,18.0,82.0,Texas,,270,44792,,101,,,,48425.0,48425.0,447.5,162.1
8,Montgomery ,,88597,4.6,78.9,5.4,3.3,13.8,0.4,25.2,74.8,Texas,,12733,2950941,,4367,,,,48339.0,48339.0,402.5,143.4
9,Parker ,,88535,4.3,89.4,1.6,0.7,4.8,0.5,13.3,86.7,Texas,,4154,692233,,1344,,,,48367.0,48367.0,498.4,164.2
10,Midland ,,88210,3.3,73.3,6.4,2.1,13.8,0.7,46.3,53.7,Texas,,2837,856189,,1079,,,,48329.0,48329.0,368.3,144.6
11,Brazoria ,,87958,5.1,63.6,14.9,6.8,13.5,0.6,31.6,68.4,Texas,,7835,1840309,,2739,,,,48039.0,48039.0,422.5,156.6
12,Comal ,,85912,3.6,84.1,2.3,1.3,6.0,0.3,28.3,71.7,Texas,,3890,744606,,1383,,,,48091.0,48091.0,393.3,139.6
13,Glasscock ,,85417,no data/suppressed,62.3,no data/suppressed,no data/suppressed,22.9,no data/suppressed,44.1,55.9,Texas,,23,6997,,Data not presented,,,,48173.0,48173.0,284.9,Data not presented
14,Ellis ,,85272,4.0,73.8,11.3,0.8,7.8,0.6,27.2,72.8,Texas,,4271,897420,,1444,,,,48139.0,48139.0,451.8,159.8
15,Travis ,,85043,4.3,66.2,8.3,7.1,17.4,0.7,33.6,66.4,Texas,,22570,6254419,,6025,,,,48453.0,48453.0,405.4,120.8
16,Wilson ,,84042,3.9,82.8,1.5,0.6,4.4,0.4,40.5,59.5,Texas,,1210,250551,,443,,,,48493.0,48493.0,394.3,142.9
17,Andrews ,,80518,2.9,74.5,2.2,0.7,16.0,no data/suppressed,57.4,42.6,Texas,,276,91137,,110,,,,48003.0,48003.0,340.5,145.7
18,Guadalupe ,,80047,4.4,69.4,8.6,1.7,6.9,0.2,38.7,61.3,Texas,,3638,815151,,1289,,,,48187.0,48187.0,403.5,147.3
19,Galveston ,,79328,5.7,72.3,12.3,3.5,9.9,0.3,25.5,74.5,Texas,,8482,1687998,,3244,,,,48167.0,48167.0,436.6,171.2
20,Bastrop ,,78339,4.0,62.2,7.4,0.8,11.6,1.0,40.1,59.9,Texas,,2328,434194,,809,,,,48021.0,48021.0,453.6,161.1
21,Carson ,,76786,2.2,91.8,1.0,0.7,2.0,2.5,10.6,89.4,Texas,,159,29783,,58,,,,48065.0,48065.0,386.2,131.2
22,Hood ,,75851,6.2,91.9,1.0,0.7,3.1,0.6,12.9,87.1,Texas,,2249,300127,,772,,,,48221.0,48221.0,459.5,148.1
23,Wise ,,75482,4.6,88.3,1.4,0.6,7.3,0.7,20.0,80.0,Texas,,1869,339421,,720,,,,48497.0,48497.0,461.4,182.9
24,Kaufman ,,75187,4.9,71.7,13.6,1.4,8.3,0.3,23.7,76.3,Texas,,3005,648962,,1107,,,,48257.0,48257.0,464.3,178.4
25,Tarrant ,,73545,5.1,59.5,17.0,5.9,16.3,0.5,29.5,70.5,Texas,,43462,10385766,,14283,,,,48439.0,48439.0,430,149.2
26,Mason ,,73186,3.5,85.9,no data/suppressed,0.8,4.5,1.9,19.8,80.2,Texas,,120,21238,,61,,,,48319.0,48319.0,323,148.1
27,Yoakum ,,73102,3.6,74.3,1.3,0.6,20.0,0.9,67.8,32.2,Texas,,170,43061,,68,,,,48501.0,48501.0,419,171.4
28,Blanco ,,71201,4.3,81.1,no data/suppressed,1.2,6.7,0.5,20.1,79.9,Texas,,410,58665,,165,,,,48031.0,48031.0,395.2,162.5
29,Armstrong ,,71136,1.0,93.6,0.7,0.2,2.1,1.1,8.7,91.3,Texas,,65,9285,,25,,,,48011.0,48011.0,459.2,150.5
30,Hays ,,71061,5.6,76.6,4.0,1.7,9.3,0.7,40.0,60.0,Texas,,4323,1114137,,1315,,,,48209.0,48209.0,423.9,140.8
31,Johnson ,,70767,3.3,85.6,4.4,1.2,4.4,0.3,22.8,77.2,Texas,,4488,856796,,1611,,,,48251.0,48251.0,470,171.8
32,Randall ,,70544,3.2,83.7,3.3,2.2,5.3,0.8,23.3,76.7,Texas,,3323,680027,,1086,,,,48381.0,48381.0,430.2,140
33,Clay ,,69967,1.8,92.8,0.4,1.0,2.8,0.9,6.9,93.1,Texas,,367,52218,,140,,,,48077.0,48077.0,450.5,167
34,Martin ,,69194,5.7,83.5,0.5,0.4,9.7,no data/suppressed,46.3,53.7,Texas,,128,28380,,56,,,,48317.0,48317.0,474.2,208.8
35,Orange ,,68756,5.4,83.7,8.7,0.9,3.1,0.2,8.5,91.5,Texas,,2371,418879,,955,,,,48361.0,48361.0,465.5,184
36,Borden ,,68500,4.4,94.2,no data/suppressed,no data/suppressed,0.7,no data/suppressed,11.8,88.2,Texas,,23,3339,,Data not presented,,,,48033.0,48033.0,457.4,Data not presented
37,Austin ,,68400,5.5,75.7,8.9,0.7,10.0,0.1,27.9,72.1,Texas,,826,149458,,314,,,,48015.0,48015.0,397.2,147.5
38,Oldham ,,68077,1.5,88.0,4.6,1.0,5.6,0.2,23.5,76.5,Texas,,39,10549,,20,,,,48359.0,48359.0,297.2,184.2
39,Winkler ,,67904,2.2,75.6,1.9,0.8,15.5,3.7,62.2,37.8,Texas,,144,39112,,50,,,,48495.0,48495.0,382.3,130.3
40,Crane ,,67804,3.5,49.2,1.2,3.3,24.0,0.3,65.6,34.4,Texas,,86,23693,,43,,,,48103.0,48103.0,380.9,194.1
41,Gaines ,,67728,3.3,85.0,2.2,1.0,27.0,0.7,42.4,57.6,Texas,,281,105387,,117,,,,48165.0,48165.0,337.4,154.1
42,Medina ,,67180,3.0,78.5,2.5,0.9,5.8,0.7,52.8,47.2,Texas,,1236,254343,,439,,,,48325.0,48325.0,387.3,136.7
43,Archer ,,67083,3.2,92.9,0.5,0.1,3.7,1.2,8.4,91.6,Texas,,261,43768,,95,,,,48009.0,48009.0,406.2,139.2
44,Fayette ,,66624,3.5,86.8,6.2,0.5,8.3,0.1,21.9,78.1,Texas,,798,126236,,290,,,,48149.0,48149.0,383.6,122.9
45,Lampasas ,,66506,6.7,82.2,3.7,1.5,5.2,0.7,20.0,80.0,Texas,,722,105761,,265,,,,48281.0,48281.0,486.6,173.6
46,Lipscomb ,,66250,5.9,75.3,1.1,1.3,14.1,0.7,33.8,66.2,Texas,,75,16503,,26,,,,48295.0,48295.0,379.8,119.8
47,Ward ,,66216,5.7,80.6,3.7,2.5,9.3,0.2,55.2,44.8,Texas,,239,58723,,91,,,,48475.0,48475.0,389.8,146.8
48,Washington ,,65913,4.8,74.7,17.0,1.3,6.0,0.2,16.8,83.2,Texas,,1050,176374,,391,,,,48477.0,48477.0,405.1,138.3
49,Harris ,,65788,6.5,52.0,18.9,7.1,26.2,0.5,43.6,56.4,Texas,,84936,23403043,,28052,,,,48201.0,48201.0,393.9,139.4
50,Waller ,,65379,4.6,54.3,23.7,1.4,11.8,0.5,31.1,68.9,Texas,,1110,268129,,382,,,,48473.0,48473.0,435.5,153.6
51,Burnet ,,65363,3.7,85.4,1.5,0.8,8.0,0.3,22.7,77.3,Texas,,1555,237738,,558,,,,48053.0,48053.0,437.8,148.5
52,Hardin ,,65347,4.2,88.8,6.1,0.5,1.8,0.3,6.3,93.7,Texas,,1604,286780,,598,,,,48199.0,48199.0,450.2,164.9
53,Dallas ,,65011,5.2,51.8,22.5,6.6,24.5,0.5,40.7,59.3,Texas,,51162,13113168,,16934,,,,48113.0,48113.0,417.1,146.3
54,Ector ,,64975,6.1,66.0,4.8,1.2,15.6,0.7,62.7,37.3,Texas,,2997,810335,,1130,,,,48135.0,48135.0,434.6,173.4
55,Garza ,,64871,6.9,72.0,7.3,2.3,26.5,0.6,49.9,50.1,Texas,,104,31364,,44,,,,48169.0,48169.0,343,144.1
56,Bandera ,,64495,6.7,85.4,1.0,0.4,6.1,0.5,20.0,80.0,Texas,,748,113848,,309,,,,48019.0,48019.0,365.8,144.3
57,Gillespie ,,64438,4.7,88.0,0.2,0.4,9.1,2.5,24.2,75.8,Texas,,1032,133338,,367,,,,48171.0,48171.0,437.5,131.5
58,Burleson ,,64109,5.5,75.6,13.2,no data/suppressed,6.2,0.9,21.3,78.7,Texas,,597,91185,,227,,,,48051.0,48051.0,442.7,157.7
59,Bailey ,,64044,2.3,86.7,0.2,0.7,21.9,0.9,66.5,33.5,Texas,,135,34582,,52,,,,48017.0,48017.0,357.3,138.2
60,Kent ,,63994,0.5,85.1,1.1,no data/suppressed,0.8,no data/suppressed,16.6,83.4,Texas,,23,3774,,Data not presented,,,,48263.0,48263.0,350.9,Data not presented
61,Atascosa ,,63391,6.3,76.4,0.4,0.5,6.8,0.2,65.3,34.7,Texas,,1067,250972,,397,,,,48013.0,48013.0,379.3,140.8
62,Caldwell ,,63380,2.4,69.7,5.2,0.9,11.7,0.6,54.1,45.9,Texas,,1002,214084,,401,,,,48055.0,48055.0,409.9,166.3
63,Cooke ,,63338,3.8,86.3,2.8,0.8,7.6,0.8,18.7,81.3,Texas,,1294,202138,,455,,,,48097.0,48097.0,482.3,163.9
64,McMullen ,,63056,3.4,83.3,no data/suppressed,no data/suppressed,5.6,0.7,64.3,35.7,Texas,,23,3757,,Data not presented,,,,48311.0,48311.0,311.9,Data not presented
65,Parmer ,,62885,2.2,78.1,1.0,0.2,24.1,0.5,64.7,35.3,Texas,,177,48195,,69,,,,48369.0,48369.0,338.7,131.9
66,Llano ,,62839,4.2,90.2,0.6,0.4,4.2,0.9,11.3,88.7,Texas,,836,107258,,364,,,,48299.0,48299.0,376.7,147.5
67,Reagan ,,62829,6.4,50.9,2.5,1.8,14.3,no data/suppressed,69.4,30.6,Texas,,68,18830,,23,,,,48383.0,48383.0,395.6,138.6
68,Roberts ,,62717,no data/suppressed,95.9,no data/suppressed,no data/suppressed,1.7,0.3,13.8,86.2,Texas,,21,4386,,Data not presented,,,,48393.0,48393.0,306.1,Data not presented
69,Smith ,,62518,4.9,74.2,17.0,1.8,9.3,0.4,20.1,79.9,Texas,,6473,1150922,,2086,,,,48423.0,48423.0,464,145.9
70,Stonewall ,,62273,2.1,92.0,1.0,no data/suppressed,1.3,2.7,25.3,74.7,Texas,,57,6807,,21,,,,48433.0,48433.0,560.2,190.5
71,Kerr ,,62204,3.7,80.4,1.4,0.8,6.8,0.4,27.9,72.1,Texas,,1875,260975,,761,,,,48265.0,48265.0,423,151
72,Bexar ,,62169,5.6,64.0,7.6,3.1,13.1,0.7,60.9,39.1,Texas,,37922,9894132,,13428,,,,48029.0,48029.0,389.6,142
73,Grayson ,,62078,3.9,82.4,5.6,1.6,6.6,0.7,14.2,85.8,Texas,,3973,667635,,1539,,,,48181.0,48181.0,457,173
74,Tom Green ,,62052,3.7,77.0,4.0,1.5,5.4,0.5,41.2,58.8,Texas,,3042,593225,,1082,,,,48451.0,48451.0,451.2,155.7
75,Calhoun ,,61887,4.1,74.8,2.6,4.5,12.6,0.3,49.8,50.2,Texas,,564,107348,,240,,,,48057.0,48057.0,409.4,166.6
76,Sutton ,,61538,4.1,53.6,0.1,0.1,13.1,0.7,70.2,29.8,Texas,,102,18964,,41,,,,48435.0,48435.0,414.4,153.7
77,Franklin ,,61391,6.6,83.3,4.8,no data/suppressed,6.8,0.1,15.3,84.7,Texas,,375,53833,,139,,,,48159.0,48159.0,485.7,177.6
78,Hartley ,,61196,0.8,80.6,7.8,0.5,8.4,0.4,27.6,72.4,Texas,,104,27940,,42,,,,48205.0,48205.0,319.5,130.9
79,Van Zandt ,,61121,3.7,91.6,2.9,0.4,3.5,0.7,11.8,88.2,Texas,,1869,279850,,707,,,,48467.0,48467.0,467,172.3
80,Schleicher ,,61094,16.4,62.8,1.2,0.5,8.0,no data/suppressed,54.3,45.7,Texas,,78,14489,,30,,,,48413.0,48413.0,415.6,154.6
81,Dallam ,,61069,2.5,79.1,no data/suppressed,no data/suppressed,28.2,0.5,47.1,52.9,Texas,,125,36359,,46,,,,48111.0,48111.0,378.5,141.3
82,Hunt ,,61053,5.4,77.7,7.4,1.2,6.9,0.8,17.9,82.1,Texas,,2600,481011,,1041,,,,48231.0,48231.0,439.6,175.1
83,La Salle ,,61042,1.5,65.2,2.1,0.1,5.8,no data/suppressed,84.8,15.2,Texas,,128,37690,,60,,,,48283.0,48283.0,343.3,160.2
84,Jackson ,,60807,4.3,81.2,7.5,0.7,6.9,0.1,33.7,66.3,Texas,,415,74109,,176,,,,48239.0,48239.0,438.7,175.4
85,Lee ,,60750,2.8,79.6,11.1,1.2,9.1,0.1,24.4,75.6,Texas,,535,85870,,217,,,,48287.0,48287.0,455.8,180.8
86,Victoria ,,60598,4.6,75.3,5.8,1.3,6.5,0.6,48.0,52.0,Texas,,2411,460220,,853,,,,48469.0,48469.0,449.8,156.3
87,Rusk ,,60330,6.1,73.1,16.4,0.6,7.1,0.1,17.6,82.4,Texas,,1481,269940,,566,,,,48401.0,48401.0,435,166.7
88,Howard ,,60260,5.4,76.8,5.5,0.9,10.5,0.8,44.0,56.0,Texas,,772,181065,,290,,,,48227.0,48227.0,394.9,150.4
89,Madison ,,59923,7.3,71.3,16.1,1.3,10.4,0.3,24.1,75.9,Texas,,321,71645,,143,,,,48313.0,48313.0,390.7,172.1
90,Palo Pinto ,,59796,6.9,87.9,2.5,1.0,5.9,1.1,20.3,79.7,Texas,,941,143962,,362,,,,48363.0,48363.0,475.2,172.8
91,Fannin ,,59686,4.8,86.2,5.9,0.5,4.7,0.7,12.1,87.9,Texas,,1118,175232,,419,,,,48147.0,48147.0,473.7,169
92,San Patricio ,,59532,4.3,80.9,2.0,1.2,4.8,0.1,58.5,41.5,Texas,,1657,334847,,642,,,,48409.0,48409.0,440.9,171
93,Nueces ,,59477,6.0,72.3,3.6,2.2,8.9,0.3,64.6,35.4,Texas,,7705,1810753,,2815,,,,48355.0,48355.0,380.9,138.2
94,Bosque ,,59328,3.8,87.2,1.8,0.7,6.4,0.4,19.3,80.7,Texas,,644,92139,,293,,,,48035.0,48035.0,430.2,184.3
95,Motley ,,59286,3.6,85.8,1.2,no data/suppressed,0.6,no data/suppressed,13.4,86.6,Texas,,45,6014,,22,,,,48345.0,48345.0,390.3,208.6
96,Montague ,,59127,7.0,92.4,0.7,no data/suppressed,3.6,0.4,11.4,88.6,Texas,,692,98201,,283,,,,48337.0,48337.0,468.4,180.3
97,Grimes ,,59086,4.9,70.8,14.7,0.4,6.5,0.3,24.5,75.5,Texas,,839,142237,,324,,,,48185.0,48185.0,442,167.3
98,Kinney ,,58925,1.5,94.1,no data/suppressed,no data/suppressed,12.7,0.1,65.7,34.3,Texas,,99,18371,,48,,,,48271.0,48271.0,335.6,160
99,Delta ,,58705,4.2,83.6,8.5,0.3,0.8,no data/suppressed,8.9,91.1,Texas,,198,26386,,88,,,,48119.0,48119.0,517.2,225.4
100,Frio ,,58456,5.1,72.2,4.1,1.1,18.3,0.2,79.8,20.2,Texas,,318,100064,,149,,,,48163.0,48163.0,346.5,161.2
101,Wood ,,58418,4.6,86.6,4.7,0.7,4.1,0.2,10.5,89.5,Texas,,1806,225269,,651,,,,48499.0,48499.0,456.4,162.2
102,Coryell ,,58414,6.1,67.3,14.2,2.8,5.8,0.8,19.3,80.7,Texas,,1544,377881,,559,,,,48099.0,48099.0,479,184.4
103,Upton ,,58333,5.2,42.7,3.8,0.5,9.2,0.5,56.3,43.7,Texas,,72,18254,,30,,,,48461.0,48461.0,374.7,154.2
104,Harrison ,,57996,6.6,69.4,20.0,0.8,4.9,0.3,13.7,86.3,Texas,,1940,332736,,664,,,,48203.0,48203.0,461,153.1
105,Bell ,,57932,7.7,57.8,23.7,3.5,7.7,0.6,25.8,74.2,Texas,,7675,1778502,,2487,,,,48027.0,48027.0,480.2,161.3
106,DeWitt ,,57873,6.3,62.3,8.1,0.1,3.0,1.4,36.2,63.8,Texas,,593,101083,,293,,,,48123.0,48123.0,423,195.4
107,Taylor ,,57811,2.8,73.7,7.8,2.4,6.7,0.3,25.3,74.7,Texas,,3325,687605,,1286,,,,48441.0,48441.0,451.2,168
108,Hill ,,57800,5.5,82.2,6.2,0.9,7.2,0.7,21.6,78.4,Texas,,1202,180543,,500,,,,48217.0,48217.0,465.4,187
109,Hopkins ,,57745,4.5,82.3,7.0,1.0,7.8,0.4,17.5,82.5,Texas,,1111,183542,,404,,,,48223.0,48223.0,468,162.9
110,Lavaca ,,57602,3.2,78.3,6.0,0.4,4.7,0.1,19.7,80.3,Texas,,653,100359,,267,,,,48285.0,48285.0,422.3,156.6
111,Ochiltree ,,57413,1.9,76.4,0.8,0.5,27.7,0.7,55.6,44.4,Texas,,173,49537,,62,,,,48357.0,48357.0,364.7,135.9
112,Hutchinson ,,57288,7.3,80.6,2.2,1.1,5.0,1.8,24.2,75.8,Texas,,615,105523,,230,,,,48233.0,48233.0,465.4,173.2
113,Jack ,,56916,6.6,90.1,4.3,0.6,5.0,no data/suppressed,17.5,82.5,Texas,,193,44441,,82,,,,48237.0,48237.0,341.8,142.8
114,Erath ,,56691,5.6,86.0,1.4,1.2,7.9,1.4,21.7,78.3,Texas,,870,211130,,316,,,,48143.0,48143.0,388.7,141.1
115,Gregg ,,56566,3.7,67.4,19.5,1.1,8.2,0.1,19.4,80.6,Texas,,3521,618167,,1247,,,,48183.0,48183.0,492.8,170.9
116,Lubbock ,,56529,4.4,74.1,7.3,2.4,6.3,0.7,36.4,63.6,Texas,,6445,1541958,,2316,,,,48303.0,48303.0,429.4,153.7
117,Hardeman ,,56400,2.5,81.7,1.3,2.5,7.6,0.8,24.9,75.1,Texas,,120,19789,,46,,,,48197.0,48197.0,417.3,151.1
118,Colorado ,,55945,4.5,68.3,12.5,0.7,9.8,0.2,31.0,69.0,Texas,,649,106786,,255,,,,48089.0,48089.0,413.7,152.3
119,Freestone ,,55910,2.7,75.5,14.9,0.4,6.8,0.2,16.4,83.6,Texas,,609,98722,,247,,,,48161.0,48161.0,441.2,172.3
120,Fisher ,,55862,3.8,83.4,2.1,0.2,2.4,0.5,29.1,70.9,Texas,,130,19135,,49,,,,48151.0,48151.0,453,141.4
121,Callahan ,,55820,4.5,92.0,1.0,0.4,1.1,0.1,10.3,89.7,Texas,,417,69793,,171,,,,48059.0,48059.0,408.6,164.9
122,Rains ,,55758,3.9,92.1,2.8,1.1,3.7,0.9,9.5,90.5,Texas,,445,60005,,158,,,,48379.0,48379.0,439,155.9
123,Comanche ,,55743,7.5,80.2,0.5,0.4,8.5,0.8,28.8,71.2,Texas,,429,67983,,148,,,,48093.0,48093.0,406.8,127.5
124,Robertson ,,55709,9.4,70.5,20.5,0.4,4.5,0.1,21.8,78.2,Texas,,460,85469,,223,,,,48395.0,48395.0,386.2,185.5
125,Gonzales ,,55698,0.8,65.2,6.8,0.9,11.8,0.1,51.8,48.2,Texas,,515,104142,,220,,,,48177.0,48177.0,404.5,165.9
126,Kimble ,,55677,2.1,82.6,1.0,no data/suppressed,4.7,0.5,25.4,74.6,Texas,,156,21875,,75,,,,48267.0,48267.0,414,184.1
127,Sherman ,,55667,1.8,79.1,0.1,2.3,22.4,no data/suppressed,45.2,54.8,Texas,,43,15229,,28,,,,48421.0,48421.0,248.3,157.2
128,Pecos ,,55652,1.3,73.5,3.9,1.1,13.7,1.1,69.4,30.6,Texas,,297,78626,,103,,,,48371.0,48371.0,359,127.9
129,Jones ,,55575,5.8,69.7,12.3,0.3,4.2,0.4,28.1,71.9,Texas,,487,99372,,193,,,,48253.0,48253.0,413,165.3
130,Moore ,,55543,2.0,69.8,3.9,4.5,26.0,0.7,57.7,42.3,Texas,,370,105847,,132,,,,48341.0,48341.0,376,133.8
131,Sterling ,,55481,no data/suppressed,76.9,0.1,0.9,6.6,0.2,36.4,63.6,Texas,,28,6538,,Data not presented,,,,48431.0,48431.0,386.4,Data not presented
132,Upshur ,,55046,4.8,84.8,8.1,0.4,3.6,0.4,9.0,91.0,Texas,,1299,206931,,495,,,,48459.0,48459.0,469.6,175.2
133,Bowie ,,54949,4.1,67.7,25.2,1.3,4.4,0.6,8.0,92.0,Texas,,2500,468108,,1035,,,,48037.0,48037.0,430.2,174.6
134,Shackelford ,,54896,7.2,93.2,0.2,0.2,2.8,0.6,12.0,88.0,Texas,,79,16456,,29,,,,48417.0,48417.0,335.6,109.5
135,Hemphill ,,54867,6.2,77.8,1.6,no data/suppressed,16.2,0.2,35.5,64.5,Texas,,65,19506,,31,,,,48211.0,48211.0,305.9,148.3
136,Panola ,,54853,2.8,78.0,13.1,0.8,3.8,0.1,9.1,90.9,Texas,,723,115931,,305,,,,48365.0,48365.0,454.7,184
137,Webb ,,54618,5.8,68.3,0.4,0.5,25.2,0.2,95.5,4.5,Texas,,3723,1374233,,1351,,,,48479.0,48479.0,331.8,126
138,Cherokee ,,54222,6.6,72.4,13.8,0.5,10.1,1.6,23.9,76.1,Texas,,1577,261704,,545,,,,48073.0,48073.0,477.4,159.8
139,Floyd ,,54007,4.5,83.3,4.7,0.2,8.1,0.1,59.3,40.7,Texas,,144,28908,,60,,,,48153.0,48153.0,391.8,144
140,Wharton ,,53963,6.0,73.7,13.2,0.4,8.8,0.1,42.6,57.4,Texas,,1111,208359,,444,,,,48481.0,48481.0,424.7,164.1
141,Liberty ,,53871,8.1,71.8,9.0,0.5,10.2,0.5,29.3,70.7,Texas,,2140,430863,,854,,,,48291.0,48291.0,464.4,194.5
142,Titus ,,53818,5.0,67.1,9.5,0.8,19.5,0.3,44.4,55.6,Texas,,711,163544,,281,,,,48449.0,48449.0,396,160.1
143,McLennan ,,53723,4.7,71.9,14.3,1.7,8.4,0.4,27.0,73.0,Texas,,6109,1270225,,2195,,,,48309.0,48309.0,441.7,155.2
144,Jefferson ,,53613,5.6,51.0,33.4,3.8,12.1,0.4,21.9,78.1,Texas,,6081,1265682,,2266,,,,48245.0,48245.0,420.9,154.7
145,Castro ,,53551,4.1,74.6,1.2,1.3,17.8,0.5,65.5,34.5,Texas,,142,37807,,57,,,,48069.0,48069.0,338.5,125.5
146,Reeves ,,53548,6.5,68.0,2.2,1.4,18.0,0.1,75.1,24.9,Texas,,235,77730,,89,,,,48389.0,48389.0,321,122.8
147,Mills ,,53483,2.4,84.6,0.5,0.2,6.2,0.1,23.9,76.1,Texas,,168,24386,,77,,,,48333.0,48333.0,411.2,169.2
148,Scurry ,,53376,2.9,79.2,4.3,0.6,7.4,0.1,41.6,58.4,Texas,,375,84592,,160,,,,48415.0,48415.0,390.4,161.8
149,Wichita ,,53272,4.7,75.5,10.3,2.3,5.8,0.9,20.0,80.0,Texas,,3501,660772,,1402,,,,48485.0,48485.0,472.2,184.5
150,Childress ,,53092,7.2,74.3,8.8,0.1,7.5,0.4,34.2,65.8,Texas,,155,36094,,68,,,,48075.0,48075.0,393.1,170.5
151,Donley ,,52888,0.1,87.6,6.8,0.2,2.5,0.2,11.8,88.2,Texas,,88,16584,,46,,,,48129.0,48129.0,341.5,175.3
152,Live Oak ,,52870,3.6,91.7,2.3,0.7,5.2,0.2,40.7,59.3,Texas,,324,60875,,124,,,,48297.0,48297.0,375.5,134.7
153,Polk ,,52826,9.5,79.9,9.0,0.9,5.1,1.4,15.5,84.5,Texas,,2123,250774,,742,,,,48373.0,48373.0,633.6,236.3
154,Milam ,,52810,6.3,80.7,9.8,0.9,4.7,0.2,27.1,72.9,Texas,,816,123984,,301,,,,48331.0,48331.0,458.6,160.2
155,Crockett ,,52731,1.6,47.3,1.6,no data/suppressed,10.8,no data/suppressed,60.5,39.5,Texas,,92,17609,,41,,,,48105.0,48105.0,409.6,186.3
156,Brazos ,,52658,4.4,72.9,11.1,6.0,12.4,0.3,26.4,73.6,Texas,,3333,1131850,,1046,,,,48041.0,48041.0,384.3,125.8
157,Angelina ,,52377,6.3,73.8,13.8,1.0,8.3,0.9,22.7,77.3,Texas,,2408,435595,,852,,,,48005.0,48005.0,454.1,159.6
158,Goliad ,,52335,3.8,83.2,4.9,0.2,5.5,0.3,36.2,63.8,Texas,,229,37891,,93,,,,48175.0,48175.0,390.7,161.3
159,Wheeler ,,52138,3.8,86.0,1.8,0.3,9.1,0.1,25.6,74.4,Texas,,162,25935,,68,,,,48483.0,48483.0,453,180.8
160,Runnels ,,52103,2.0,84.2,2.7,0.1,4.5,0.6,35.1,64.9,Texas,,321,51398,,131,,,,48399.0,48399.0,440,163.4
161,Young ,,52074,3.3,91.6,1.3,0.2,7.7,0.6,19.4,80.6,Texas,,572,89805,,254,,,,48503.0,48503.0,459.6,192
162,Henderson ,,51963,6.3,85.4,5.9,0.7,4.8,0.3,13.6,86.4,Texas,,3017,409844,,1114,,,,48213.0,48213.0,487.3,173.1
163,Val Verde ,,51949,4.4,78.6,1.2,0.7,22.2,0.3,82.6,17.4,Texas,,1026,245089,,385,,,,48465.0,48465.0,410.9,146.9
164,Uvalde ,,51602,5.0,84.4,1.1,1.1,11.6,0.6,72.3,27.7,Texas,,663,134496,,290,,,,48463.0,48463.0,433.4,175.2
165,Lamar ,,51561,3.3,78.6,13.4,0.8,3.6,0.9,8.4,91.6,Texas,,1594,248523,,628,,,,48277.0,48277.0,472.1,181.3
166,Aransas ,,51509,8.2,86.8,0.2,1.4,4.1,1.2,28.6,71.4,Texas,,1025,121098,,410,,,,48007.0,48007.0,476.4,183.1
167,Camp ,,50947,8.2,69.9,15.6,0.7,9.3,0.2,26.2,73.8,Texas,,425,64692,,145,,,,48063.0,48063.0,506.8,168.5
168,El Paso ,,50919,6.8,59.6,3.2,1.3,23.6,0.6,82.9,17.1,Texas,,16384,4184576,,5351,,,,48141.0,48141.0,399.7,131.6
169,Refugio ,,50745,5.6,76.1,7.0,0.2,1.5,0.2,51.2,48.8,Texas,,212,35075,,92,,,,48391.0,48391.0,403.8,163.1
170,Gray ,,50635,5.0,80.1,5.1,1.4,9.6,1.9,30.0,70.0,Texas,,550,110315,,209,,,,48179.0,48179.0,411.5,149.9
171,Navarro ,,50466,5.1,69.4,11.2,2.2,13.2,0.2,28.8,71.2,Texas,,1355,247375,,556,,,,48349.0,48349.0,435.8,177.8
172,Knox ,,50163,3.6,77.0,6.1,1.7,8.9,no data/suppressed,35.2,64.8,Texas,,109,18395,,60,,,,48275.0,48275.0,434.6,216.6
173,Mitchell ,,50144,2.0,78.2,6.6,no data/suppressed,2.6,0.7,40.7,59.3,Texas,,214,41279,,92,,,,48335.0,48335.0,455.7,199.1
174,Lamb ,,50041,3.1,80.6,3.4,0.9,10.2,0.5,56.5,43.5,Texas,,312,65092,,125,,,,48279.0,48279.0,390.6,147.2
175,Kleberg ,,49986,5.4,68.6,3.1,1.6,6.1,0.4,73.5,26.5,Texas,,678,153623,,279,,,,48273.0,48273.0,459,186.8
176,Lynn ,,49747,3.3,76.3,1.0,0.5,3.9,0.2,46.4,53.6,Texas,,165,29430,,79,,,,48305.0,48305.0,458.8,207.4
177,Anderson ,,49736,4.0,67.7,20.8,0.9,6.0,0.4,18.3,81.7,Texas,,1443,289586,,768,,,,48001.0,48001.0,428.2,225.5
178,Cass ,,49626,8.8,77.5,17.3,0.7,2.6,0.2,5.0,95.0,Texas,,1046,150012,,424,,,,48067.0,48067.0,469.3,174.7
179,Deaf Smith ,,49611,3.6,76.5,0.8,0.9,16.3,0.7,74.4,25.6,Texas,,365,93087,,138,,,,48117.0,48117.0,400.7,148.9
180,Karnes ,,49526,3.3,75.1,5.7,0.6,9.9,0.5,56.3,43.7,Texas,,316,77736,,133,,,,48255.0,48255.0,372,153.7
181,Limestone ,,49507,4.3,69.2,16.9,1.2,9.5,0.5,22.7,77.3,Texas,,659,116822,,266,,,,48293.0,48293.0,418.7,167.6
182,Hockley ,,49241,5.8,77.9,3.3,0.5,8.4,0.4,49.3,50.7,Texas,,529,114930,,201,,,,48219.0,48219.0,416.3,158
183,Brown ,,49232,5.2,84.1,3.6,0.6,4.1,0.4,23.1,76.9,Texas,,1160,189025,,467,,,,48049.0,48049.0,441.3,167.3
184,Tyler ,,49130,16.2,83.6,10.3,0.6,3.4,0.1,8.3,91.7,Texas,,669,107621,,255,,,,48457.0,48457.0,416.2,148
185,Bee ,,48822,7.3,74.1,7.3,0.2,3.1,0.7,59.5,40.5,Texas,,692,163046,,264,,,,48025.0,48025.0,420.3,162.5
186,Brewster ,,48679,3.4,80.7,0.3,3.9,12.7,0.8,45.5,54.5,Texas,,222,46154,,84,,,,48043.0,48043.0,329.1,110.4
187,Leon ,,48676,6.3,84.8,6.2,1.2,5.5,0.4,15.3,84.7,Texas,,579,86627,,258,,,,48289.0,48289.0,410.1,173.4
188,Hale ,,48649,4.5,74.0,4.3,0.4,10.1,0.2,60.6,39.4,Texas,,709,167316,,288,,,,48189.0,48189.0,402.3,162.3
189,Matagorda ,,48566,6.3,62.5,10.1,2.2,11.1,0.3,43.8,56.2,Texas,,1032,183954,,446,,,,48321.0,48321.0,449.9,189.8
190,Haskell ,,48432,6.8,81.6,5.4,no data/suppressed,4.6,0.3,28.8,71.2,Texas,,176,28553,,86,,,,48207.0,48207.0,438.4,179.3
191,Terry ,,47734,8.0,75.6,2.1,no data/suppressed,8.4,0.1,56.2,43.8,Texas,,280,62042,,98,,,,48445.0,48445.0,396.7,137.4
192,Jim Wells ,,47629,4.3,90.5,0.8,0.5,3.5,0.7,80.5,19.5,Texas,,934,203982,,375,,,,48249.0,48249.0,408.1,160.2
193,Hansford ,,47500,11.3,85.0,0.2,0.1,19.4,0.7,48.6,51.4,Texas,,121,27157,,50,,,,48195.0,48195.0,400.3,163.4
194,Throckmorton ,,47500,5.9,92.4,0.4,no data/suppressed,1.6,no data/suppressed,13.3,86.7,Texas,,41,7497,,20,,,,48447.0,48447.0,278.5,127.4
195,Nacogdoches ,,47306,7.4,69.7,18.4,1.1,7.6,0.9,20.1,79.9,Texas,,1329,325401,,574,,,,48347.0,48347.0,375,158
196,Coleman ,,47216,6.6,82.8,2.6,1.2,6.5,0.8,18.1,81.9,Texas,,293,41406,,143,,,,48083.0,48083.0,414.1,196.8
197,Terrell ,,47012,no data/suppressed,88.5,1.4,no data/suppressed,0.8,no data/suppressed,54.1,45.9,Texas,,18,3871,,Data not presented,,,,48443.0,48443.0,329.6,Data not presented
198,San Saba ,,46927,3.4,81.6,1.8,0.3,6.1,0.1,30.7,69.3,Texas,,148,30018,,68,,,,48411.0,48411.0,318.1,136.6
199,Concho ,,46719,1.3,85.5,2.0,0.5,13.4,0.5,34.6,65.4,Texas,,71,15090,,29,,,,48095.0,48095.0,297.7,119.5
200,San Jacinto ,,46678,7.7,78.2,9.5,0.2,6.9,0.5,14.3,85.7,Texas,,936,142868,,347,,,,48407.0,48407.0,431.1,155.4
201,McCulloch ,,46552,7.7,79.2,1.0,0.9,5.6,0.3,32.9,67.1,Texas,,282,39849,,126,,,,48307.0,48307.0,467.3,194.4
202,Stephens ,,46537,6.5,85.0,3.2,0.9,5.8,no data/suppressed,24.6,75.4,Texas,,284,46788,,129,,,,48429.0,48429.0,439.9,186.8
203,Morris ,,46468,5.7,69.0,22.3,1.5,5.4,0.3,10.7,89.3,Texas,,448,61785,,187,,,,48343.0,48343.0,494.6,194.2
204,Trinity ,,45392,8.4,83.9,8.5,0.1,4.1,0.2,11.1,88.9,Texas,,555,73445,,277,,,,48455.0,48455.0,451.8,205
205,Wilbarger ,,45262,8.7,71.8,7.7,3.2,6.1,1.1,30.3,69.7,Texas,,353,63586,,141,,,,48487.0,48487.0,443.4,162.2
206,Potter ,,45096,3.6,72.1,10.2,5.3,15.6,0.8,39.4,60.6,Texas,,2849,591614,,1086,,,,48375.0,48375.0,470,181.5
207,Nolan ,,44700,8.0,80.8,4.9,0.4,6.5,0.3,39.0,61.0,Texas,,432,74507,,201,,,,48353.0,48353.0,452.2,201.8
208,Hidalgo ,,44666,7.8,64.4,0.6,1.0,26.1,0.2,92.5,7.5,Texas,,13062,4305684,,4204,,,,48215.0,48215.0,344,111.8
209,Zavala ,,44573,3.7,74.7,0.4,0.3,5.4,no data/suppressed,93.9,6.1,Texas,,219,59652,,100,,,,48507.0,48507.0,353.3,162
210,Shelby ,,44504,6.0,73.0,18.6,0.5,8.0,1.4,18.8,81.2,Texas,,653,126313,,302,,,,48419.0,48419.0,401.5,181
211,Maverick ,,44502,7.0,67.3,0.4,0.1,29.5,2.2,95.1,4.9,Texas,,1067,290489,,376,,,,48323.0,48323.0,398.8,143.6
212,Jasper ,,44356,13.7,75.8,15.5,0.4,3.1,0.2,7.1,92.9,Texas,,1176,177810,,430,,,,48241.0,48241.0,479.7,170.4
213,Crosby ,,44304,4.7,77.4,4.1,0.9,5.9,no data/suppressed,56.7,43.3,Texas,,130,28766,,56,,,,48107.0,48107.0,357.4,142.2
214,Walker ,,44104,4.6,68.2,22.9,1.4,7.4,0.2,18.3,81.7,Texas,,2033,361476,,523,,,,48471.0,48471.0,519,139.9
215,Real ,,44083,1.4,95.8,1.4,no data/suppressed,1.9,no data/suppressed,23.1,76.9,Texas,,107,17146,,57,,,,48385.0,48385.0,327.7,172.1
216,Hamilton ,,44030,3.7,91.9,0.3,0.1,4.9,0.2,13.6,86.4,Texas,,281,42172,,152,,,,48193.0,48193.0,423.8,216.4
217,Eastland ,,43953,5.5,88.9,2.2,0.4,4.7,0.5,17.1,82.9,Texas,,566,91444,,233,,,,48133.0,48133.0,415.6,163.6
218,Duval ,,43836,10.3,82.8,1.0,no data/suppressed,2.9,0.4,89.3,10.7,Texas,,239,55971,,125,,,,48131.0,48131.0,352.3,171.3
219,Baylor ,,43705,3.5,85.4,4.1,1.0,2.8,0.2,14.2,85.8,Texas,,138,17798,,80,,,,48023.0,48023.0,466.4,254.2
220,Cottle ,,43654,3.8,73.3,7.1,no data/suppressed,no data/suppressed,0.1,20.6,79.4,Texas,,42,6894,,19,,,,48101.0,48101.0,390.8,155.8
221,Houston ,,43644,4.5,67.6,24.9,0.3,3.0,0.3,11.9,88.1,Texas,,734,114710,,296,,,,48225.0,48225.0,421.8,159.2
222,Marion ,,43153,11.7,72.2,22.5,0.7,2.0,0.2,4.5,95.5,Texas,,406,49933,,133,,,,48315.0,48315.0,484.9,148
223,San Augustine ,,43130,11.4,71.7,22.4,0.1,4.5,0.5,7.6,92.4,Texas,,292,41301,,127,,,,48405.0,48405.0,403.1,163
224,Cameron ,,43057,6.0,73.7,0.6,0.7,22.8,0.2,90.0,10.0,Texas,,7638,2110675,,2544,,,,48061.0,48061.0,357,117.3
225,Dawson ,,42778,8.2,63.5,8.4,0.2,4.6,0.8,58.6,41.4,Texas,,302,64244,,119,,,,48115.0,48115.0,431.1,163.7
226,Kenedy ,,42778,no data/suppressed,84.6,no data/suppressed,0.6,25.4,0.6,98.2,1.8,Texas,,Data not presented,Data not presented,,Data not presented,,,,48261.0,48261.0,Data not presented,Data not presented
227,Coke ,,42639,2.8,87.8,1.0,no data/suppressed,4.8,0.2,22.6,77.4,Texas,,135,16489,,67,,,,48081.0,48081.0,490.6,203.2
228,Collingsworth ,,42446,4.6,69.7,9.3,0.8,9.3,1.8,31.5,68.5,Texas,,61,14693,,24,,,,48087.0,48087.0,297.8,125.4
229,Dickens ,,42241,8.9,83.7,2.1,0.8,8.3,0.3,33.8,66.2,Texas,,68,10908,,31,,,,48125.0,48125.0,455.2,188.1
230,King ,,42125,4.9,88.6,no data/suppressed,no data/suppressed,14.8,no data/suppressed,34.9,65.1,Texas,,Data not presented,Data not presented,,Data not presented,,,,48269.0,48269.0,Data not presented,Data not presented
231,Hall ,,41467,9.7,71.3,5.7,0.2,11.6,0.6,34.5,65.5,Texas,,86,15124,,32,,,,48191.0,48191.0,350.7,117.5
232,Sabine ,,41308,10.2,88.2,5.5,1.5,1.6,0.5,4.8,95.2,Texas,,426,52349,,184,,,,48403.0,48403.0,427.9,171
233,Red River ,,40674,4.3,78.4,14.7,0.6,3.1,1.8,7.6,92.4,Texas,,443,60573,,183,,,,48387.0,48387.0,439.9,169.1
234,Menard ,,40341,8.6,78.7,0.1,no data/suppressed,5.1,1.7,35.5,64.5,Texas,,81,10538,,35,,,,48327.0,48327.0,380.3,151.4
235,Edwards ,,40000,no data/suppressed,98.8,0.1,no data/suppressed,9.1,0.1,45.3,54.7,Texas,,51,9587,,29,,,,48137.0,48137.0,340.7,187.9
236,Irion ,,39770,6.9,69.9,5.5,no data/suppressed,3.6,no data/suppressed,26.4,73.6,Texas,,48,7768,,18,,,,48235.0,48235.0,413.2,150.3
237,Swisher ,,39685,6.2,79.9,8.1,0.8,13.1,1.3,45.2,54.8,Texas,,182,37016,,85,,,,48437.0,48437.0,394.3,168.3
238,Willacy ,,39401,7.9,79.5,0.6,no data/suppressed,13.2,0.6,88.2,11.8,Texas,,385,107093,,146,,,,48489.0,48489.0,346.7,129.3
239,Jeff Davis ,,38659,no data/suppressed,90.9,1.8,no data/suppressed,12.7,no data/suppressed,23.9,76.1,Texas,,47,11224,,23,,,,48243.0,48243.0,174.4,89.3
240,Briscoe ,,38469,1.8,85.0,2.4,0.9,7.3,no data/suppressed,36.4,63.6,Texas,,52,7536,,23,,,,48045.0,48045.0,411.9,150.9
241,Cochran ,,38203,8.4,65.5,6.1,0.1,16.3,0.3,59.7,40.3,Texas,,63,14298,,24,,,,48079.0,48079.0,351.1,131.7
242,Newton ,,38116,10.4,74.2,20.5,0.7,0.8,0.5,4.1,95.9,Texas,,428,68942,,169,,,,48351.0,48351.0,424.3,166.4
243,Foard ,,37679,10.1,74.8,0.1,0.8,3.6,0.7,21.6,78.4,Texas,,45,5867,,17,,,,48155.0,48155.0,541.5,189
244,Jim Hogg ,,37342,4.3,82.9,0.3,no data/suppressed,2.6,no data/suppressed,93.3,6.7,Texas,,97,25936,,55,,,,48247.0,48247.0,329.4,186.9
245,Falls ,,35317,8.1,65.4,22.6,1.7,4.9,0.4,24.3,75.7,Texas,,481,86403,,204,,,,48145.0,48145.0,413.8,171.5
246,Zapata ,,34406,8.3,68.4,no data/suppressed,1.4,21.1,no data/suppressed,94.8,5.2,Texas,,245,71215,,74,,,,48505.0,48505.0,357.9,109.5
247,Culberson ,,34239,12.5,71.9,0.1,0.9,14.2,4.1,82.9,17.1,Texas,,40,10914,,Data not presented,,,,48109.0,48109.0,287,Data not presented
248,Starr ,,33334,12.1,70.7,0.1,no data/suppressed,26.6,0.1,96.3,3.7,Texas,,1119,320161,,380,,,,48427.0,48427.0,392.9,133.6
249,Hudspeth ,,32404,7.5,46.7,1.4,0.8,42.6,1.0,77.7,22.3,Texas,,75,23437,,28,,,,48229.0,48229.0,300.9,112.1
250,Brooks ,,26827,1.7,68.5,1.8,0.1,10.6,no data/suppressed,91.6,8.4,Texas,,150,35499,,70,,,,48047.0,48047.0,355.3,150.7
251,Presidio ,,26395,7.8,69.6,no data/suppressed,1.4,43.0,1.9,80.0,20.0,Texas,,124,34041,,40,,,,48377.0,48377.0,262.2,74.7
252,Dimmit ,,25000,5.9,60.4,0.2,1.6,10.2,0.2,87.8,12.2,Texas,,198,51162,,78,,,,48127.0,48127.0,348.8,128.9
253,Loving ,,no data/suppressed,no data/suppressed,98.8,no data/suppressed,1.2,1.2,no data/suppressed,no data/suppressed,100.0,Texas,,Data not presented,Data not presented,,Data not presented,,,,48301.0,48301.0,Data not presented,Data not presented
254,undefined,,,,,,,,,,,,,,,,,,,,,,,
